Contest Name,Writers,Participants
Codeforces Round (Div. 1 + Div. 2),No writers found,No participants found
Codeforces Round (Div. 2),No writers found,No participants found
Codeforces Round (Div. 2),No writers found,No participants found
Codeforces Round (Div. 1 + Div. 2),No writers found,No participants found
Codeforces Round (Div. 3),No writers found,No participants found
Codeforces Round (Div. 2),No writers found,No participants found
Educational Codeforces Round 171 (Rated for Div. 2),No writers found,No participants found
Codeforces Global Round 27,No writers found,No participants found
Codeforces Round 982 (Div. 2),No writers found,No participants found
Codeforces Round 981 (Div. 3),No writers found,No participants found
Codeforces Round 980 (Div. 1),No writers found,No participants found
Codeforces Round 980 (Div. 2),No writers found,No participants found
Codeforces Round 979 (Div. 2),No writers found,No participants found
Educational Codeforces Round 170 (Rated for Div. 2),No writers found,No participants found
Codeforces Round 978 (Div. 2),No writers found,No participants found
"Codeforces Round 977 (Div. 2, based on COMPFEST 16 - Final Round)",No writers found,No participants found
Kotlin Heroes: Episode 11,No writers found,No participants found
Codeforces Round 976 (Div. 2) and Divide By Zero 9.0,No writers found,No participants found
Codeforces Round 975 (Div. 1),No writers found,No participants found
Codeforces Round 975 (Div. 2),No writers found,No participants found
Codeforces Round 974 (Div. 3),No writers found,No participants found
Codeforces Round 973 (Div. 2),No writers found,No participants found
Kotlin Heroes: Practice 11,No writers found,No participants found
2024 ICPC World Finals: JetBrains Tech Trek,No writers found,No participants found
Codeforces Round 972 (Div. 2),No writers found,No participants found
Codeforces Round 971 (Div. 4),No writers found,No participants found
Codeforces Round 970 (Div. 3),No writers found,No participants found
Codeforces Round 969 (Div. 1),No writers found,No participants found
Codeforces Round 969 (Div. 2),No writers found,No participants found
Testing Round 19 (Div. 3),No writers found,No participants found
Codeforces Round 968 (Div. 2),No writers found,No participants found
Codeforces Round 967 (Div. 2),No writers found,No participants found
Educational Codeforces Round 169 (Rated for Div. 2),No writers found,No participants found
Codeforces Round 966 (Div. 3),No writers found,No participants found
EPIC Institute of Technology Round August 2024 (Div. 1 + Div. 2),No writers found,No participants found
Codeforces Round 965 (Div. 2),No writers found,No participants found
