Problem Name,Problem ID,Tags,Time Limit,Memory Limit,Description
Peak Productivity Forces,2035H,constructive algorithms,time limit per test,memory limit per test,H. Peak Productivity Forcestime limit per test3 secondsmemory limit per test256 megabytesinputstandard inputoutputstandard output
Go Learn! (Hard Version),2035G2,"divide and conquer, dp",time limit per test,memory limit per test,G2. Go Learn! (Hard Version)time limit per test5 secondsmemory limit per test256 megabytesinputstandard inputoutputstandard output
Go Learn! (Easy Version),2035G1,"dp, trees",time limit per test,memory limit per test,G1. Go Learn! (Easy Version)time limit per test5 secondsmemory limit per test256 megabytesinputstandard inputoutputstandard output
Tree Operations,2035F,"binary search, brute force, dfs and similar, dp, trees",time limit per test,memory limit per test,F. Tree Operationstime limit per test4 secondsmemory limit per test256 megabytesinputstandard inputoutputstandard output
Monster,2035E,"binary search, brute force, constructive algorithms, implementation, math",time limit per test,memory limit per test,E. Monstertime limit per test2 secondsmemory limit per test256 megabytesinputstandard inputoutputstandard output
Yet Another Real Number Problem,2035D,"data structures, greedy, math",time limit per test,memory limit per test,D. Yet Another Real Number Problemtime limit per test2 secondsmemory limit per test256 megabytesinputstandard inputoutputstandard output
Alya and Permutation,2035C,"bitmasks, constructive algorithms, math",time limit per test,memory limit per test,C. Alya and Permutationtime limit per test2 secondsmemory limit per test256 megabytesinputstandard inputoutputstandard output
Everyone Loves Tres,2035B,"constructive algorithms, greedy, math, number theory",time limit per test,memory limit per test,B. Everyone Loves Trestime limit per test1 secondmemory limit per test256 megabytesinputstandard inputoutputstandard output
Sliding,2035A,"implementation, math",time limit per test,memory limit per test,A. Slidingtime limit per test1 secondmemory limit per test256 megabytesinputstandard inputoutputstandard output
Sakurako and Chefir,2033G,"data structures, dfs and similar, dp, greedy, trees",time limit per test,memory limit per test,G. Sakurako and Chefirtime limit per test4 secondsmemory limit per test256 megabytesinputstandard inputoutputstandard output
Kosuke's Sloth,2033F,"brute force, math, number theory",time limit per test,memory limit per test,F. Kosuke's Slothtime limit per test1 secondmemory limit per test256 megabytesinputstandard inputoutputstandard output
"Sakurako, Kosuke, and the Permutation",2033E,"brute force, data structures, dfs and similar, dsu, graphs, greedy, math",time limit per test,memory limit per test,"E. Sakurako, Kosuke, and the Permutationtime limit per test2 secondsmemory limit per test256 megabytesinputstandard inputoutputstandard output"
Kousuke's Assignment,2033D,"data structures, dp, dsu, greedy, math",time limit per test,memory limit per test,D. Kousuke's Assignmenttime limit per test2 secondsmemory limit per test256 megabytesinputstandard inputoutputstandard output
Sakurako's Field Trip,2033C,"dp, greedy, two pointers",time limit per test,memory limit per test,C. Sakurako's Field Triptime limit per test2 secondsmemory limit per test256 megabytesinputstandard inputoutputstandard output
Sakurako and Water,2033B,"brute force, constructive algorithms, greedy",time limit per test,memory limit per test,B. Sakurako and Watertime limit per test2 secondsmemory limit per test256 megabytesinputstandard inputoutputstandard output
Sakurako and Kosuke,2033A,"constructive algorithms, implementation, math",time limit per test,memory limit per test,A. Sakurako and Kosuketime limit per test1 secondmemory limit per test256 megabytesinputstandard inputoutputstandard output
The Destruction of the Universe (Hard Version),2030G2,"combinatorics, math",time limit per test,memory limit per test,G2. The Destruction of the Universe (Hard Version)time limit per test4 secondsmemory limit per test512 megabytesinputstandard inputoutputstandard output
The Destruction of the Universe (Easy Version),2030G1,"combinatorics, greedy, math",time limit per test,memory limit per test,G1. The Destruction of the Universe (Easy Version)time limit per test4 secondsmemory limit per test512 megabytesinputstandard inputoutputstandard output
Orangutan Approved Subarrays,2030F,"binary search, data structures, dp, greedy, implementation, two pointers",time limit per test,memory limit per test,F. Orangutan Approved Subarraystime limit per test3 secondsmemory limit per test512 megabytesinputstandard inputoutputstandard output
MEXimize the Score,2030E,"combinatorics, data structures, dp, greedy, implementation, math",time limit per test,memory limit per test,E. MEXimize the Scoretime limit per test2 secondsmemory limit per test256 megabytesinputstandard inputoutputstandard output
QED's Favorite Permutation,2030D,"data structures, implementation, sortings",time limit per test,memory limit per test,D. QED's Favorite Permutationtime limit per test2 secondsmemory limit per test256 megabytesinputstandard inputoutputstandard output
A TRUE Battle,2030C,"brute force, games, greedy",time limit per test,memory limit per test,C. A TRUE Battletime limit per test2 secondsmemory limit per test256 megabytesinputstandard inputoutputstandard output
Minimise Oneness,2030B,"combinatorics, constructive algorithms, games, math",time limit per test,memory limit per test,B. Minimise Onenesstime limit per test1.5 secondsmemory limit per test256 megabytesinputstandard inputoutputstandard output
A Gift From Orangutan,2030A,"constructive algorithms, greedy, math, sortings",time limit per test,memory limit per test,A. A Gift From Orangutantime limit per test1 secondmemory limit per test256 megabytesinputstandard inputoutputstandard output
Bit Game (Hard Version),2027E2,"bitmasks, dp, math",time limit per test,memory limit per test,E2. Bit Game (Hard Version)time limit per test2 secondsmemory limit per test256 megabytesinputstandard inputoutputstandard output
Bit Game (Easy Version),2027E1,"bitmasks, brute force, games, math",time limit per test,memory limit per test,E1. Bit Game (Easy Version)time limit per test2 secondsmemory limit per test256 megabytesinputstandard inputoutputstandard output
The Endspeaker (Hard Version),2027D2,"binary search, data structures, dp, greedy, implementation, two pointers",time limit per test,memory limit per test,D2. The Endspeaker (Hard Version)time limit per test2 secondsmemory limit per test256 megabytesinputstandard inputoutputstandard output
The Endspeaker (Easy Version),2027D1,"binary search, dp, graphs, greedy, implementation, two pointers",time limit per test,memory limit per test,D1. The Endspeaker (Easy Version)time limit per test2 secondsmemory limit per test256 megabytesinputstandard inputoutputstandard output
Add Zeros,2027C,"brute force, data structures, dfs and similar, dp, graphs, greedy",time limit per test,memory limit per test,C. Add Zerostime limit per test3 secondsmemory limit per test256 megabytesinputstandard inputoutputstandard output
Stalin Sort,2027B,"brute force, greedy",time limit per test,memory limit per test,B. Stalin Sorttime limit per test1 secondmemory limit per test256 megabytesinputstandard inputoutputstandard output
Rectangle Arrangement,2027A,"geometry, implementation, math",time limit per test,memory limit per test,A. Rectangle Arrangementtime limit per test1 secondmemory limit per test256 megabytesinputstandard inputoutputstandard output
Bermart Ice Cream,2026F,"data structures, dfs and similar, divide and conquer, dp, implementation, trees",time limit per test,memory limit per test,F. Bermart Ice Creamtime limit per test2 secondsmemory limit per test1024 megabytesinputstandard inputoutputstandard output
Best Subsequence,2026E,"bitmasks, brute force, dfs and similar, flows, graph matchings, graphs",time limit per test,memory limit per test,E. Best Subsequencetime limit per test2 secondsmemory limit per test256 megabytesinputstandard inputoutputstandard output
Sums of Segments,2026D,"binary search, data structures, dp, implementation, math",time limit per test,memory limit per test,D. Sums of Segmentstime limit per test4 secondsmemory limit per test512 megabytesinputstandard inputoutputstandard output
Action Figures,2026C,"data structures, greedy",time limit per test,memory limit per test,C. Action Figurestime limit per test2.5 secondsmemory limit per test512 megabytesinputstandard inputoutputstandard output
Black Cells,2026B,"brute force, greedy",time limit per test,memory limit per test,B. Black Cellstime limit per test2 secondsmemory limit per test256 megabytesinputstandard inputoutputstandard output
Perpendicular Segments,2026A,"brute force, geometry, math",time limit per test,memory limit per test,A. Perpendicular Segmentstime limit per test2 secondsmemory limit per test256 megabytesinputstandard inputoutputstandard output
Variable Damage,2025G,"data structures, flows",time limit per test,memory limit per test,G. Variable Damagetime limit per test5 secondsmemory limit per test512 megabytesinputstandard inputoutputstandard output
Choose Your Queries,2025F,"constructive algorithms, dfs and similar, dp, graphs, greedy, trees",time limit per test,memory limit per test,F. Choose Your Queriestime limit per test3 secondsmemory limit per test512 megabytesinputstandard inputoutputstandard output
Card Game,2025E,"combinatorics, dp, fft, greedy, math",time limit per test,memory limit per test,E. Card Gametime limit per test2 secondsmemory limit per test512 megabytesinputstandard inputoutputstandard output
Attribute Checks,2025D,"brute force, data structures, dp, implementation, math, two pointers",time limit per test,memory limit per test,D. Attribute Checkstime limit per test2.5 secondsmemory limit per test512 megabytesinputstandard inputoutputstandard output
New Game,2025C,"binary search, brute force, greedy, implementation, sortings, two pointers",time limit per test,memory limit per test,C. New Gametime limit per test2 secondsmemory limit per test512 megabytesinputstandard inputoutputstandard output
"Binomial Coefficients, Kind Of",2025B,"combinatorics, dp, math",time limit per test,memory limit per test,"B. Binomial Coefficients, Kind Oftime limit per test2 secondsmemory limit per test512 megabytesinputstandard inputoutputstandard output"
Two Screens,2025A,"binary search, greedy, strings, two pointers",time limit per test,memory limit per test,A. Two Screenstime limit per test2 secondsmemory limit per test512 megabytesinputstandard inputoutputstandard output
Buying Lemonade,2024B,"binary search, constructive algorithms, sortings",time limit per test,memory limit per test,B. Buying Lemonadetime limit per test1 secondmemory limit per test256 megabytesinputstandard inputoutputstandard output
Profitable Interest Rate,2024A,"greedy, math",time limit per test,memory limit per test,A. Profitable Interest Ratetime limit per test1 secondmemory limit per test256 megabytesinputstandard inputoutputstandard output
Hills and Pits,2023F,"data structures, greedy, math, matrices",time limit per test,memory limit per test,F. Hills and Pitstime limit per test3 secondsmemory limit per test512 megabytesinputstandard inputoutputstandard output
Tree of Life,2023E,"dp, greedy, trees",time limit per test,memory limit per test,E. Tree of Lifetime limit per test2 secondsmemory limit per test512 megabytesinputstandard inputoutputstandard output
Many Games,2023D,"brute force, dp, greedy, math, probabilities",time limit per test,memory limit per test,D. Many Gamestime limit per test2 secondsmemory limit per test256 megabytesinputstandard inputoutputstandard output
C+K+S,2023C,"constructive algorithms, dfs and similar, graphs, greedy, hashing, implementation, strings",time limit per test,memory limit per test,C. C+K+Stime limit per test3 secondsmemory limit per test256 megabytesinputstandard inputoutputstandard output
Skipping,2023B,"binary search, dp, graphs, shortest paths",time limit per test,memory limit per test,B. Skippingtime limit per test2 secondsmemory limit per test256 megabytesinputstandard inputoutputstandard output
Concatenation of Arrays,2023A,"constructive algorithms, greedy, math, sortings",time limit per test,memory limit per test,A. Concatenation of Arraystime limit per test2 secondsmemory limit per test256 megabytesinputstandard inputoutputstandard output
Billetes MX (Hard Version),2022E2,"binary search, combinatorics, data structures, dsu, graphs",time limit per test,memory limit per test,E2. Billetes MX (Hard Version)time limit per test2 secondsmemory limit per test512 megabytesinputstandard inputoutputstandard output
Billetes MX (Easy Version),2022E1,"2-sat, binary search, combinatorics, constructive algorithms, dfs and similar, dsu, graphs",time limit per test,memory limit per test,E1. Billetes MX (Easy Version)time limit per test2 secondsmemory limit per test512 megabytesinputstandard inputoutputstandard output
Asesino (Hard Version),2022D2,"constructive algorithms, dp, interactive",time limit per test,memory limit per test,D2. Asesino (Hard Version)time limit per test2.5 secondsmemory limit per test256 megabytesinputstandard inputoutputstandard output
Asesino (Easy Version),2022D1,"binary search, brute force, constructive algorithms, implementation, interactive",time limit per test,memory limit per test,D1. Asesino (Easy Version)time limit per test2.5 secondsmemory limit per test256 megabytesinputstandard inputoutputstandard output
Gerrymandering,2022C,"dp, implementation",time limit per test,memory limit per test,C. Gerrymanderingtime limit per test2 secondsmemory limit per test256 megabytesinputstandard inputoutputstandard output
Kar Salesman,2022B,"binary search, greedy, math",time limit per test,memory limit per test,B. Kar Salesmantime limit per test1 secondmemory limit per test256 megabytesinputstandard inputoutputstandard output
Bus to Pénjamo,2022A,"constructive algorithms, greedy, implementation, math",time limit per test,memory limit per test,A. Bus to Pénjamotime limit per test1 secondmemory limit per test256 megabytesinputstandard inputoutputstandard output
Digital Village (Extreme Version),2021E3,"data structures, dfs and similar, dp, dsu, graphs, greedy, math, trees",time limit per test,memory limit per test,E3. Digital Village (Extreme Version)time limit per test2 secondsmemory limit per test256 megabytesinputstandard inputoutputstandard output
Digital Village (Hard Version),2021E2,"data structures, dp, dsu, graphs, math, trees",time limit per test,memory limit per test,E2. Digital Village (Hard Version)time limit per test2 secondsmemory limit per test256 megabytesinputstandard inputoutputstandard output
Digital Village (Easy Version),2021E1,"brute force, data structures, dfs and similar, dp, dsu, fft, graphs, greedy, implementation, math, trees",time limit per test,memory limit per test,E1. Digital Village (Easy Version)time limit per test2 secondsmemory limit per test256 megabytesinputstandard inputoutputstandard output
"Boss, Thirsty",2021D,"dp, greedy, implementation",time limit per test,memory limit per test,"D. Boss, Thirstytime limit per test2 secondsmemory limit per test256 megabytesinputstandard inputoutputstandard output"
Adjust The Presentation (Hard Version),2021C2,"constructive algorithms, data structures, greedy, implementation, sortings",time limit per test,memory limit per test,C2. Adjust The Presentation (Hard Version)time limit per test5 secondsmemory limit per test256 megabytesinputstandard inputoutputstandard output
Adjust The Presentation (Easy Version),2021C1,"constructive algorithms, greedy",time limit per test,memory limit per test,C1. Adjust The Presentation (Easy Version)time limit per test2 secondsmemory limit per test256 megabytesinputstandard inputoutputstandard output
Maximize Mex,2021B,"brute force, greedy, math, number theory",time limit per test,memory limit per test,B. Maximize Mextime limit per test1 secondmemory limit per test256 megabytesinputstandard inputoutputstandard output
Meaning Mean,2021A,"data structures, greedy, math, sortings",time limit per test,memory limit per test,A. Meaning Meantime limit per test1 secondmemory limit per test256 megabytesinputstandard inputoutputstandard output
Count Leaves,2020F,"dp, math, number theory",time limit per test,memory limit per test,F. Count Leavestime limit per test4 secondsmemory limit per test256 megabytesinputstandard inputoutputstandard output
Expected Power,2020E,"bitmasks, dp, math, probabilities",time limit per test,memory limit per test,E. Expected Powertime limit per test4 secondsmemory limit per test256 megabytesinputstandard inputoutputstandard output
Connect the Dots,2020D,"brute force, dp, dsu, graphs, math, trees",time limit per test,memory limit per test,D. Connect the Dotstime limit per test2 secondsmemory limit per test512 megabytesinputstandard inputoutputstandard output
Bitwise Balancing,2020C,"bitmasks, hashing, implementation, math, schedules, ternary search",time limit per test,memory limit per test,C. Bitwise Balancingtime limit per test2 secondsmemory limit per test256 megabytesinputstandard inputoutputstandard output
Brightness Begins,2020B,"binary search, math",time limit per test,memory limit per test,B. Brightness Beginstime limit per test1 secondmemory limit per test256 megabytesinputstandard inputoutputstandard output
Find Minimum Operations,2020A,"bitmasks, brute force, greedy, math, number theory",time limit per test,memory limit per test,A. Find Minimum Operationstime limit per test1 secondmemory limit per test256 megabytesinputstandard inputoutputstandard output
All Pairs Segments,2019B,"implementation, math",time limit per test,memory limit per test,B. All Pairs Segmentstime limit per test1.5 secondsmemory limit per test256 megabytesinputstandard inputoutputstandard output
Max Plus Size,2019A,"brute force, dp, greedy",time limit per test,memory limit per test,A. Max Plus Sizetime limit per test1 secondmemory limit per test256 megabytesinputstandard inputoutputstandard output
Speedbreaker Counting (Hard Version),2018F3,"dp, greedy, math",time limit per test,memory limit per test,F3. Speedbreaker Counting (Hard Version)time limit per test10 secondsmemory limit per test1024 megabytesinputstandard inputoutputstandard output
Speedbreaker Counting (Medium Version),2018F2,"dp, greedy, math",time limit per test,memory limit per test,F2. Speedbreaker Counting (Medium Version)time limit per test10 secondsmemory limit per test1024 megabytesinputstandard inputoutputstandard output
Speedbreaker Counting (Easy Version),2018F1,"combinatorics, dp, greedy, math",time limit per test,memory limit per test,F1. Speedbreaker Counting (Easy Version)time limit per test2 secondsmemory limit per test1024 megabytesinputstandard inputoutputstandard output
Complex Segments (Hard Version),2018E2,"binary search, data structures, divide and conquer, dsu, greedy, math, sortings",time limit per test,memory limit per test,E2. Complex Segments (Hard Version)time limit per test13 secondsmemory limit per test256 megabytesinputstandard inputoutputstandard output
Complex Segments (Easy Version),2018E1,"binary search, data structures, divide and conquer, dsu, greedy, math, sortings",time limit per test,memory limit per test,E1. Complex Segments (Easy Version)time limit per test6 secondsmemory limit per test256 megabytesinputstandard inputoutputstandard output
Max Plus Min Plus Size,2018D,"data structures, dp, dsu, greedy, implementation, matrices, sortings",time limit per test,memory limit per test,D. Max Plus Min Plus Sizetime limit per test2 secondsmemory limit per test256 megabytesinputstandard inputoutputstandard output
Tree Pruning,2018C,"brute force, dfs and similar, greedy, sortings, trees",time limit per test,memory limit per test,C. Tree Pruningtime limit per test3 secondsmemory limit per test256 megabytesinputstandard inputoutputstandard output
Speedbreaker,2018B,"binary search, data structures, dp, greedy, implementation, two pointers",time limit per test,memory limit per test,B. Speedbreakertime limit per test2 secondsmemory limit per test256 megabytesinputstandard inputoutputstandard output
Cards Partition,2018A,"2-sat, brute force, greedy, implementation, math",time limit per test,memory limit per test,A. Cards Partitiontime limit per test2 secondsmemory limit per test256 megabytesinputstandard inputoutputstandard output
Robin Hood Archery,2014H,"data structures, divide and conquer, greedy, hashing",time limit per test,memory limit per test,H. Robin Hood Archerytime limit per test3 secondsmemory limit per test256 megabytesinputstandard inputoutputstandard output
Milky Days,2014G,"brute force, data structures, greedy, implementation",time limit per test,memory limit per test,G. Milky Daystime limit per test2 secondsmemory limit per test256 megabytesinputstandard inputoutputstandard output
Sheriff's Defense,2014F,"dfs and similar, dp, greedy, trees",time limit per test,memory limit per test,F. Sheriff's Defensetime limit per test2 secondsmemory limit per test256 megabytesinputstandard inputoutputstandard output
Rendez-vous de Marian et Robin,2014E,"dfs and similar, graphs, shortest paths",time limit per test,memory limit per test,E. Rendez-vous de Marian et Robintime limit per test5 secondsmemory limit per test256 megabytesinputstandard inputoutputstandard output
Robert Hood and Mrs Hood,2014D,"brute force, data structures, greedy, sortings",time limit per test,memory limit per test,D. Robert Hood and Mrs Hoodtime limit per test2 secondsmemory limit per test256 megabytesinputstandard inputoutputstandard output
Robin Hood in Town,2014C,"binary search, greedy, math",time limit per test,memory limit per test,C. Robin Hood in Towntime limit per test2 secondsmemory limit per test256 megabytesinputstandard inputoutputstandard output
Robin Hood and the Major Oak,2014B,math,time limit per test,memory limit per test,B. Robin Hood and the Major Oaktime limit per test1 secondmemory limit per test256 megabytesinputstandard inputoutputstandard output
Robin Helps,2014A,"greedy, implementation",time limit per test,memory limit per test,A. Robin Helpstime limit per test1 secondmemory limit per test256 megabytesinputstandard inputoutputstandard output
Game in Tree (Hard Version),2013F2,"binary search, data structures, trees",time limit per test,memory limit per test,F2. Game in Tree (Hard Version)time limit per test4 secondsmemory limit per test256 megabytesinputstandard inputoutputstandard output
Game in Tree (Easy Version),2013F1,"binary search, brute force, data structures, dp, games, greedy, implementation, trees",time limit per test,memory limit per test,F1. Game in Tree (Easy Version)time limit per test4 secondsmemory limit per test256 megabytesinputstandard inputoutputstandard output
Prefix GCD,2013E,"brute force, dp, greedy, math, number theory",time limit per test,memory limit per test,E. Prefix GCDtime limit per test2 secondsmemory limit per test256 megabytesinputstandard inputoutputstandard output
Minimize the Difference,2013D,"binary search, greedy",time limit per test,memory limit per test,D. Minimize the Differencetime limit per test2 secondsmemory limit per test256 megabytesinputstandard inputoutputstandard output
Password Cracking,2013C,"constructive algorithms, interactive, strings",time limit per test,memory limit per test,C. Password Crackingtime limit per test2 secondsmemory limit per test256 megabytesinputstandard inputoutputstandard output
Battle for Survive,2013B,"constructive algorithms, greedy, math",time limit per test,memory limit per test,B. Battle for Survivetime limit per test1 secondmemory limit per test256 megabytesinputstandard inputoutputstandard output
Zhan's Blender,2013A,"constructive algorithms, math",time limit per test,memory limit per test,A. Zhan's Blendertime limit per test1 secondmemory limit per test256 megabytesinputstandard inputoutputstandard output
Stack and Queue,2011I,"*special, data structures, divide and conquer",time limit per test,memory limit per test,I. Stack and Queuetime limit per test4 secondsmemory limit per test512 megabytesinputstandard inputoutputstandard output
Strange Matrix,2011H,"*special, graphs, greedy",time limit per test,memory limit per test,H. Strange Matrixtime limit per test2 secondsmemory limit per test512 megabytesinputstandard inputoutputstandard output
Removal of a Permutation,2011G,*special,time limit per test,memory limit per test,G. Removal of a Permutationtime limit per test5 secondsmemory limit per test512 megabytesinputstandard inputoutputstandard output
Good Subarray,2011F,"*special, data structures, greedy",time limit per test,memory limit per test,F. Good Subarraytime limit per test3 secondsmemory limit per test512 megabytesinputstandard inputoutputstandard output
Rock-Paper-Scissors Bot,2011E,"*special, greedy, strings",time limit per test,memory limit per test,E. Rock-Paper-Scissors Bottime limit per test2 secondsmemory limit per test512 megabytesinputstandard inputoutputstandard output
Among Wolves,2011D,*special,time limit per test,memory limit per test,D. Among Wolvestime limit per test2 secondsmemory limit per test512 megabytesinputstandard inputoutputstandard output
Split the Expression,2011C,*special,time limit per test,memory limit per test,C. Split the Expressiontime limit per test2 secondsmemory limit per test512 megabytesinputstandard inputoutputstandard output
Shuffle,2011B,*special,time limit per test,memory limit per test,B. Shuffletime limit per test2 secondsmemory limit per test512 megabytesinputstandard inputoutputstandard output
Problem Solving,2011A,*special,time limit per test,memory limit per test,A. Problem Solvingtime limit per test2 secondsmemory limit per test512 megabytesinputstandard inputoutputstandard output
Message Transmission Error (hard version),2010C2,"hashing, string suffix structures, strings, two pointers",time limit per test,memory limit per test,C2. Message Transmission Error (hard version)time limit per test2 secondsmemory limit per test256 megabytesinputstandard inputoutputstandard output
Message Transmission Error (easy version),2010C1,"brute force, strings",time limit per test,memory limit per test,C1. Message Transmission Error (easy version)time limit per test2 secondsmemory limit per test256 megabytesinputstandard inputoutputstandard output
Three Brothers,2010B,"brute force, implementation, math",time limit per test,memory limit per test,B. Three Brotherstime limit per test1 secondmemory limit per test256 megabytesinputstandard inputoutputstandard output
Alternating Sum of Numbers,2010A,"brute force, implementation, math",time limit per test,memory limit per test,A. Alternating Sum of Numberstime limit per test2 secondsmemory limit per test256 megabytesinputstandard inputoutputstandard output
Yunli's Subarray Queries (extreme version),2009G3,"data structures, dp, implementation",time limit per test,memory limit per test,G3. Yunli's Subarray Queries (extreme version)time limit per test3 secondsmemory limit per test512 megabytesinputstandard inputoutputstandard output
Yunli's Subarray Queries (hard version),2009G2,"binary search, data structures, dp",time limit per test,memory limit per test,G2. Yunli's Subarray Queries (hard version)time limit per test3 secondsmemory limit per test512 megabytesinputstandard inputoutputstandard output
Yunli's Subarray Queries (easy version),2009G1,"binary search, data structures, two pointers",time limit per test,memory limit per test,G1. Yunli's Subarray Queries (easy version)time limit per test3 secondsmemory limit per test512 megabytesinputstandard inputoutputstandard output
Firefly's Queries,2009F,"bitmasks, data structures, flows, math",time limit per test,memory limit per test,F. Firefly's Queriestime limit per test2 secondsmemory limit per test256 megabytesinputstandard inputoutputstandard output
Klee's SUPER DUPER LARGE Array!!!,2009E,"binary search, math, ternary search",time limit per test,memory limit per test,E. Klee's SUPER DUPER LARGE Array!!!time limit per test2 secondsmemory limit per test256 megabytesinputstandard inputoutputstandard output
Satyam and Counting,2009D,"geometry, math",time limit per test,memory limit per test,D. Satyam and Countingtime limit per test2 secondsmemory limit per test256 megabytesinputstandard inputoutputstandard output
The Legend of Freya the Frog,2009C,"implementation, math",time limit per test,memory limit per test,C. The Legend of Freya the Frogtime limit per test2 secondsmemory limit per test256 megabytesinputstandard inputoutputstandard output
osu!mania,2009B,"brute force, implementation",time limit per test,memory limit per test,B. osu!maniatime limit per test1 secondmemory limit per test256 megabytesinputstandard inputoutputstandard output
Minimize!,2009A,"brute force, math",time limit per test,memory limit per test,A. Minimize!time limit per test1 secondmemory limit per test256 megabytesinputstandard inputoutputstandard output
Sakurako's Test,2008H,"binary search, brute force, greedy, math, number theory",time limit per test,memory limit per test,H. Sakurako's Testtime limit per test1 secondmemory limit per test256 megabytesinputstandard inputoutputstandard output
Sakurako's Task,2008G,"binary search, greedy, math, number theory",time limit per test,memory limit per test,G. Sakurako's Tasktime limit per test2 secondsmemory limit per test256 megabytesinputstandard inputoutputstandard output
Sakurako's Box,2008F,"combinatorics, math, number theory",time limit per test,memory limit per test,F. Sakurako's Boxtime limit per test2 secondsmemory limit per test256 megabytesinputstandard inputoutputstandard output
Alternating String,2008E,"brute force, data structures, dp, greedy, implementation, strings",time limit per test,memory limit per test,E. Alternating Stringtime limit per test2 secondsmemory limit per test256 megabytesinputstandard inputoutputstandard output
Sakurako's Hobby,2008D,"dp, dsu, graphs, math",time limit per test,memory limit per test,D. Sakurako's Hobbytime limit per test2 secondsmemory limit per test256 megabytesinputstandard inputoutputstandard output
Longest Good Array,2008C,"binary search, brute force, math",time limit per test,memory limit per test,C. Longest Good Arraytime limit per test2 secondsmemory limit per test256 megabytesinputstandard inputoutputstandard output
Square or Not,2008B,"brute force, math, strings",time limit per test,memory limit per test,B. Square or Nottime limit per test2 secondsmemory limit per test256 megabytesinputstandard inputoutputstandard output
Sakurako's Exam,2008A,"brute force, constructive algorithms, greedy, math",time limit per test,memory limit per test,A. Sakurako's Examtime limit per test1 secondmemory limit per test256 megabytesinputstandard inputoutputstandard output
Dora and C++,2007C,"math, number theory",time limit per test,memory limit per test,C. Dora and C++time limit per test2 secondsmemory limit per test256 megabytesinputstandard inputoutputstandard output
Index and Maximum Value,2007B,"data structures, greedy",time limit per test,memory limit per test,B. Index and Maximum Valuetime limit per test1 secondmemory limit per test256 megabytesinputstandard inputoutputstandard output
Dora's Set,2007A,"greedy, math, number theory",time limit per test,memory limit per test,A. Dora's Settime limit per test1 secondmemory limit per test256 megabytesinputstandard inputoutputstandard output
Dora's Paint,2006F,"brute force, combinatorics, constructive algorithms, graphs, implementation",time limit per test,memory limit per test,F. Dora's Painttime limit per test3 secondsmemory limit per test512 megabytesinputstandard inputoutputstandard output
Iris's Full Binary Tree,2006E,"brute force, data structures, dfs and similar, trees",time limit per test,memory limit per test,E. Iris's Full Binary Treetime limit per test4 secondsmemory limit per test1024 megabytesinputstandard inputoutputstandard output
Iris and Adjacent Products,2006D,"data structures, greedy, implementation, math",time limit per test,memory limit per test,D. Iris and Adjacent Productstime limit per test3 secondsmemory limit per test256 megabytesinputstandard inputoutputstandard output
Eri and Expanded Sets,2006C,"data structures, divide and conquer, math, number theory, two pointers",time limit per test,memory limit per test,C. Eri and Expanded Setstime limit per test3 secondsmemory limit per test512 megabytesinputstandard inputoutputstandard output
Iris and the Tree,2006B,"brute force, data structures, dfs and similar, dsu, math, trees",time limit per test,memory limit per test,B. Iris and the Treetime limit per test3 secondsmemory limit per test256 megabytesinputstandard inputoutputstandard output
Iris and Game on the Tree,2006A,"constructive algorithms, dfs and similar, games, graphs, greedy, trees",time limit per test,memory limit per test,A. Iris and Game on the Treetime limit per test2 secondsmemory limit per test256 megabytesinputstandard inputoutputstandard output
Subtangle Game (Hard Version),2005E2,"data structures, dp, games, greedy, implementation",time limit per test,memory limit per test,E2. Subtangle Game (Hard Version)time limit per test2 secondsmemory limit per test256 megabytesinputstandard inputoutputstandard output
Subtangle Game (Easy Version),2005E1,"dp, games, greedy, implementation",time limit per test,memory limit per test,E1. Subtangle Game (Easy Version)time limit per test2 secondsmemory limit per test256 megabytesinputstandard inputoutputstandard output
Alter the GCD,2005D,"binary search, brute force, data structures, divide and conquer, implementation, number theory",time limit per test,memory limit per test,D. Alter the GCDtime limit per test4 secondsmemory limit per test256 megabytesinputstandard inputoutputstandard output
Lazy Narek,2005C,"dp, implementation, strings",time limit per test,memory limit per test,C. Lazy Narektime limit per test2 secondsmemory limit per test256 megabytesinputstandard inputoutputstandard output
The Strict Teacher (Hard Version),2005B2,"binary search, greedy, math, sortings",time limit per test,memory limit per test,B2. The Strict Teacher (Hard Version)time limit per test1.5 secondsmemory limit per test256 megabytesinputstandard inputoutputstandard output
The Strict Teacher (Easy Version),2005B1,"greedy, math, sortings",time limit per test,memory limit per test,B1. The Strict Teacher (Easy Version)time limit per test1.5 secondsmemory limit per test256 megabytesinputstandard inputoutputstandard output
Simple Palindrome,2005A,"combinatorics, constructive algorithms, greedy, math",time limit per test,memory limit per test,A. Simple Palindrometime limit per test1 secondmemory limit per test256 megabytesinputstandard inputoutputstandard output
Substring Compression,2004G,"data structures, dp, matrices",time limit per test,memory limit per test,G. Substring Compressiontime limit per test2 secondsmemory limit per test1024 megabytesinputstandard inputoutputstandard output
Make a Palindrome,2004F,"binary search, brute force, data structures, greedy, math",time limit per test,memory limit per test,F. Make a Palindrometime limit per test5 secondsmemory limit per test512 megabytesinputstandard inputoutputstandard output
Not a Nim Problem,2004E,"brute force, games, math, number theory",time limit per test,memory limit per test,E. Not a Nim Problemtime limit per test2 secondsmemory limit per test512 megabytesinputstandard inputoutputstandard output
Colored Portals,2004D,"binary search, brute force, data structures, graphs, greedy, implementation, shortest paths",time limit per test,memory limit per test,D. Colored Portalstime limit per test2 secondsmemory limit per test256 megabytesinputstandard inputoutputstandard output
Splitting Items,2004C,"games, greedy, sortings",time limit per test,memory limit per test,C. Splitting Itemstime limit per test2 secondsmemory limit per test256 megabytesinputstandard inputoutputstandard output
Game with Doors,2004B,"brute force, greedy",time limit per test,memory limit per test,B. Game with Doorstime limit per test2 secondsmemory limit per test256 megabytesinputstandard inputoutputstandard output
Closest Point,2004A,"implementation, math",time limit per test,memory limit per test,A. Closest Pointtime limit per test2 secondsmemory limit per test512 megabytesinputstandard inputoutputstandard output
Turtle and Three Sequences,2003F,"brute force, data structures, dp, greedy, math, probabilities, two pointers",time limit per test,memory limit per test,F. Turtle and Three Sequencestime limit per test3 secondsmemory limit per test256 megabytesinputstandard inputoutputstandard output
Turtle and Inversions (Hard Version),2003E2,"brute force, data structures, divide and conquer, dp, greedy, math, two pointers",time limit per test,memory limit per test,E2. Turtle and Inversions (Hard Version)time limit per test2 secondsmemory limit per test512 megabytesinputstandard inputoutputstandard output
Turtle and Inversions (Easy Version),2003E1,"brute force, divide and conquer, dp, greedy, math",time limit per test,memory limit per test,E1. Turtle and Inversions (Easy Version)time limit per test2 secondsmemory limit per test512 megabytesinputstandard inputoutputstandard output
Turtle and a MEX Problem (Hard Version),2003D2,"dfs and similar, dp, graphs, greedy, implementation, math",time limit per test,memory limit per test,D2. Turtle and a MEX Problem (Hard Version)time limit per test2 secondsmemory limit per test256 megabytesinputstandard inputoutputstandard output
Turtle and a MEX Problem (Easy Version),2003D1,"greedy, math",time limit per test,memory limit per test,D1. Turtle and a MEX Problem (Easy Version)time limit per test2 secondsmemory limit per test256 megabytesinputstandard inputoutputstandard output
Turtle and Good Pairs,2003C,"constructive algorithms, greedy, sortings, strings",time limit per test,memory limit per test,C. Turtle and Good Pairstime limit per test2 secondsmemory limit per test256 megabytesinputstandard inputoutputstandard output
Turtle and Piggy Are Playing a Game 2,2003B,"games, greedy, sortings",time limit per test,memory limit per test,B. Turtle and Piggy Are Playing a Game 2time limit per test1 secondmemory limit per test256 megabytesinputstandard inputoutputstandard output
Turtle and Good Strings,2003A,"greedy, strings",time limit per test,memory limit per test,A. Turtle and Good Stringstime limit per test1 secondmemory limit per test256 megabytesinputstandard inputoutputstandard output
Counting 101,2002H,greedy,time limit per test,memory limit per test,H. Counting 101time limit per test10.1 secondsmemory limit per test1010 megabytesinputstandard inputoutputstandard output
Lattice Optimizing,2002G,"bitmasks, brute force, hashing, meet-in-the-middle",time limit per test,memory limit per test,G. Lattice Optimizingtime limit per test7 secondsmemory limit per test1024 megabytesinputstandard inputoutputstandard output
Court Blue (Hard Version),2002F2,"brute force, dp, math, number theory",time limit per test,memory limit per test,F2. Court Blue (Hard Version)time limit per test4 secondsmemory limit per test512 megabytesinputstandard inputoutputstandard output
Court Blue (Easy Version),2002F1,"brute force, dfs and similar, dp, math, number theory",time limit per test,memory limit per test,F1. Court Blue (Easy Version)time limit per test3 secondsmemory limit per test512 megabytesinputstandard inputoutputstandard output
Cosmic Rays,2002E,"brute force, data structures, dp",time limit per test,memory limit per test,E. Cosmic Raystime limit per test2 secondsmemory limit per test512 megabytesinputstandard inputoutputstandard output
DFS Checker (Hard Version),2002D2,"binary search, data structures, dfs and similar, graphs, hashing, trees",time limit per test,memory limit per test,D2. DFS Checker (Hard Version)time limit per test2 secondsmemory limit per test512 megabytesinputstandard inputoutputstandard output
DFS Checker (Easy Version),2002D1,"brute force, data structures, dfs and similar, graphs, hashing, trees",time limit per test,memory limit per test,D1. DFS Checker (Easy Version)time limit per test2 secondsmemory limit per test512 megabytesinputstandard inputoutputstandard output
Black Circles,2002C,"brute force, geometry, greedy, math",time limit per test,memory limit per test,C. Black Circlestime limit per test2 secondsmemory limit per test256 megabytesinputstandard inputoutputstandard output
Removals Game,2002B,"constructive algorithms, games",time limit per test,memory limit per test,B. Removals Gametime limit per test1 secondmemory limit per test256 megabytesinputstandard inputoutputstandard output
Distanced Coloring,2002A,"constructive algorithms, implementation, math",time limit per test,memory limit per test,A. Distanced Coloringtime limit per test1 secondmemory limit per test256 megabytesinputstandard inputoutputstandard output
Deterministic Heap (Hard Version),2001E2,"combinatorics, dp, trees",time limit per test,memory limit per test,E2. Deterministic Heap (Hard Version)time limit per test4 secondsmemory limit per test512 megabytesinputstandard inputoutputstandard output
Deterministic Heap (Easy Version),2001E1,"combinatorics, dp, math, trees",time limit per test,memory limit per test,E1. Deterministic Heap (Easy Version)time limit per test3 secondsmemory limit per test512 megabytesinputstandard inputoutputstandard output
Longest Max Min Subsequence,2001D,"brute force, constructive algorithms, data structures, greedy, implementation",time limit per test,memory limit per test,D. Longest Max Min Subsequencetime limit per test2 secondsmemory limit per test256 megabytesinputstandard inputoutputstandard output
Guess The Tree,2001C,"binary search, brute force, dfs and similar, divide and conquer, dsu, greedy, interactive, trees",time limit per test,memory limit per test,C. Guess The Treetime limit per test2 secondsmemory limit per test256 megabytesinputstandard inputoutputstandard output
Generate Permutation,2001B,constructive algorithms,time limit per test,memory limit per test,B. Generate Permutationtime limit per test1.5 secondsmemory limit per test256 megabytesinputstandard inputoutputstandard output
Make All Equal,2001A,"greedy, implementation",time limit per test,memory limit per test,A. Make All Equaltime limit per test1 secondmemory limit per test256 megabytesinputstandard inputoutputstandard output
Ksyusha and the Loaded Set,2000H,"binary search, brute force, data structures, implementation",time limit per test,memory limit per test,H. Ksyusha and the Loaded Settime limit per test3 secondsmemory limit per test512 megabytesinputstandard inputoutputstandard output
Call During the Journey,2000G,"binary search, brute force, graphs, greedy, shortest paths",time limit per test,memory limit per test,G. Call During the Journeytime limit per test4 secondsmemory limit per test256 megabytesinputstandard inputoutputstandard output
Color Rows and Columns,2000F,"dp, greedy, implementation, math",time limit per test,memory limit per test,F. Color Rows and Columnstime limit per test3 secondsmemory limit per test256 megabytesinputstandard inputoutputstandard output
Photoshoot for Gorillas,2000E,"combinatorics, data structures, greedy, math",time limit per test,memory limit per test,E. Photoshoot for Gorillastime limit per test2 secondsmemory limit per test256 megabytesinputstandard inputoutputstandard output
Right Left Wrong,2000D,"greedy, implementation, two pointers",time limit per test,memory limit per test,D. Right Left Wrongtime limit per test2 secondsmemory limit per test256 megabytesinputstandard inputoutputstandard output
Numeric String Template,2000C,"data structures, strings",time limit per test,memory limit per test,C. Numeric String Templatetime limit per test2 secondsmemory limit per test256 megabytesinputstandard inputoutputstandard output
Seating in a Bus,2000B,two pointers,time limit per test,memory limit per test,B. Seating in a Bustime limit per test2 secondsmemory limit per test256 megabytesinputstandard inputoutputstandard output
Primary Task,2000A,"implementation, math, strings",time limit per test,memory limit per test,A. Primary Tasktime limit per test1 secondmemory limit per test256 megabytesinputstandard inputoutputstandard output
Ruler (hard version),1999G2,"binary search, interactive, ternary search",time limit per test,memory limit per test,G2. Ruler (hard version)time limit per test1 secondmemory limit per test256 megabytesinputstandard inputoutputstandard output
Ruler (easy version),1999G1,"binary search, interactive",time limit per test,memory limit per test,G1. Ruler (easy version)time limit per test1 secondmemory limit per test256 megabytesinputstandard inputoutputstandard output
Expected Median,1999F,"combinatorics, math",time limit per test,memory limit per test,F. Expected Mediantime limit per test3 secondsmemory limit per test256 megabytesinputstandard inputoutputstandard output
Triple Operations,1999E,"dp, implementation, math",time limit per test,memory limit per test,E. Triple Operationstime limit per test1 secondmemory limit per test256 megabytesinputstandard inputoutputstandard output
Slavic's Exam,1999D,"greedy, implementation, strings",time limit per test,memory limit per test,D. Slavic's Examtime limit per test2 secondsmemory limit per test256 megabytesinputstandard inputoutputstandard output
Showering,1999C,"greedy, implementation",time limit per test,memory limit per test,C. Showeringtime limit per test2 secondsmemory limit per test256 megabytesinputstandard inputoutputstandard output
Card Game,1999B,"brute force, constructive algorithms, implementation",time limit per test,memory limit per test,B. Card Gametime limit per test2 secondsmemory limit per test256 megabytesinputstandard inputoutputstandard output
A+B Again?,1999A,"implementation, math",time limit per test,memory limit per test,A. A+B Again?time limit per test1 secondmemory limit per test256 megabytesinputstandard inputoutputstandard output
Eliminating Balls With Merging (Hard Version),1998E2,"binary search, brute force, data structures, divide and conquer, greedy, implementation",time limit per test,memory limit per test,E2. Eliminating Balls With Merging (Hard Version)time limit per test4 secondsmemory limit per test512 megabytesinputstandard inputoutputstandard output
Eliminating Balls With Merging (Easy Version),1998E1,"binary search, brute force, data structures, divide and conquer, greedy",time limit per test,memory limit per test,E1. Eliminating Balls With Merging (Easy Version)time limit per test4 secondsmemory limit per test512 megabytesinputstandard inputoutputstandard output
Determine Winning Islands in Race,1998D,"data structures, dp, graphs, greedy, shortest paths",time limit per test,memory limit per test,D. Determine Winning Islands in Racetime limit per test2 secondsmemory limit per test256 megabytesinputstandard inputoutputstandard output
Perform Operations to Maximize Score,1998C,"binary search, brute force, constructive algorithms, greedy, implementation",time limit per test,memory limit per test,C. Perform Operations to Maximize Scoretime limit per test3 secondsmemory limit per test256 megabytesinputstandard inputoutputstandard output
Minimize Equal Sum Subarrays,1998B,"constructive algorithms, math, number theory",time limit per test,memory limit per test,B. Minimize Equal Sum Subarraystime limit per test1.5 secondsmemory limit per test256 megabytesinputstandard inputoutputstandard output
Find K Distinct Points with Fixed Center,1998A,"constructive algorithms, implementation, math",time limit per test,memory limit per test,A. Find K Distinct Points with Fixed Centertime limit per test1 secondmemory limit per test256 megabytesinputstandard inputoutputstandard output
Chips on a Line,1997F,"brute force, combinatorics, dp, greedy, math",time limit per test,memory limit per test,F. Chips on a Linetime limit per test5 secondsmemory limit per test512 megabytesinputstandard inputoutputstandard output
Level Up,1997E,"binary search, brute force, data structures, divide and conquer, implementation",time limit per test,memory limit per test,E. Level Uptime limit per test4 secondsmemory limit per test512 megabytesinputstandard inputoutputstandard output
Maximize the Root,1997D,"binary search, dfs and similar, dp, greedy, trees",time limit per test,memory limit per test,D. Maximize the Roottime limit per test3 secondsmemory limit per test256 megabytesinputstandard inputoutputstandard output
Even Positions,1997C,"constructive algorithms, data structures, greedy",time limit per test,memory limit per test,C. Even Positionstime limit per test2 secondsmemory limit per test256 megabytesinputstandard inputoutputstandard output
Make Three Regions,1997B,"constructive algorithms, two pointers",time limit per test,memory limit per test,B. Make Three Regionstime limit per test2 secondsmemory limit per test256 megabytesinputstandard inputoutputstandard output
Strong Password,1997A,"brute force, implementation, strings",time limit per test,memory limit per test,A. Strong Passwordtime limit per test2 secondsmemory limit per test512 megabytesinputstandard inputoutputstandard output
Penacony,1996G,"brute force, data structures, graphs, greedy, hashing",time limit per test,memory limit per test,G. Penaconytime limit per test3 secondsmemory limit per test512 megabytesinputstandard inputoutputstandard output
Bomb,1996F,"binary search, greedy, math",time limit per test,memory limit per test,F. Bombtime limit per test2 secondsmemory limit per test256 megabytesinputstandard inputoutputstandard output
Decode,1996E,"combinatorics, data structures, implementation, math",time limit per test,memory limit per test,E. Decodetime limit per test2 secondsmemory limit per test256 megabytesinputstandard inputoutputstandard output
Fun,1996D,"binary search, brute force, combinatorics, math, number theory",time limit per test,memory limit per test,D. Funtime limit per test2 secondsmemory limit per test256 megabytesinputstandard inputoutputstandard output
Sort,1996C,"dp, greedy, sortings, strings",time limit per test,memory limit per test,C. Sorttime limit per test5 secondsmemory limit per test256 megabytesinputstandard inputoutputstandard output
Scale,1996B,"greedy, implementation",time limit per test,memory limit per test,B. Scaletime limit per test2 secondsmemory limit per test256 megabytesinputstandard inputoutputstandard output
Legs,1996A,"binary search, math, ternary search",time limit per test,memory limit per test,A. Legstime limit per test2 secondsmemory limit per test256 megabytesinputstandard inputoutputstandard output
Let Me Teach You a Lesson (Hard Version),1995E2,"data structures, dp, matrices, two pointers",time limit per test,memory limit per test,E2. Let Me Teach You a Lesson (Hard Version)time limit per test2 secondsmemory limit per test256 megabytesinputstandard inputoutputstandard output
Let Me Teach You a Lesson (Easy Version),1995E1,"2-sat, data structures, dp, matrices, two pointers",time limit per test,memory limit per test,E1. Let Me Teach You a Lesson (Easy Version)time limit per test2 secondsmemory limit per test256 megabytesinputstandard inputoutputstandard output
Cases,1995D,"bitmasks, brute force, dp, strings",time limit per test,memory limit per test,D. Casestime limit per test2 secondsmemory limit per test256 megabytesinputstandard inputoutputstandard output
Squaring,1995C,"brute force, constructive algorithms, greedy, implementation, math, number theory",time limit per test,memory limit per test,C. Squaringtime limit per test2 secondsmemory limit per test256 megabytesinputstandard inputoutputstandard output
Bouquet (Hard Version),1995B2,"binary search, data structures, greedy, math, sortings, two pointers",time limit per test,memory limit per test,B2. Bouquet (Hard Version)time limit per test1.5 secondsmemory limit per test256 megabytesinputstandard inputoutputstandard output
Bouquet (Easy Version),1995B1,"binary search, brute force, greedy, sortings, two pointers",time limit per test,memory limit per test,B1. Bouquet (Easy Version)time limit per test1.5 secondsmemory limit per test512 megabytesinputstandard inputoutputstandard output
Diagonals,1995A,"brute force, greedy, implementation, math",time limit per test,memory limit per test,A. Diagonalstime limit per test1 secondmemory limit per test256 megabytesinputstandard inputoutputstandard output
Fortnite,1994H,"combinatorics, constructive algorithms, games, greedy, hashing, interactive, math, number theory, strings",time limit per test,memory limit per test,H. Fortnitetime limit per test1 secondmemory limit per test256 megabytesinputstandard inputoutputstandard output
Minecraft,1994G,"bitmasks, brute force, dp, graphs, math",time limit per test,memory limit per test,G. Minecrafttime limit per test2 secondsmemory limit per test512 megabytesinputstandard inputoutputstandard output
Stardew Valley,1994F,"constructive algorithms, dfs and similar, graphs, trees",time limit per test,memory limit per test,F. Stardew Valleytime limit per test2 secondsmemory limit per test256 megabytesinputstandard inputoutputstandard output
Wooden Game,1994E,"bitmasks, greedy, math, trees",time limit per test,memory limit per test,E. Wooden Gametime limit per test2 secondsmemory limit per test256 megabytesinputstandard inputoutputstandard output
Funny Game,1994D,"constructive algorithms, dsu, graphs, greedy, math, number theory, trees",time limit per test,memory limit per test,D. Funny Gametime limit per test2 secondsmemory limit per test256 megabytesinputstandard inputoutputstandard output
Hungry Games,1994C,"binary search, dp, two pointers",time limit per test,memory limit per test,C. Hungry Gamestime limit per test2 secondsmemory limit per test256 megabytesinputstandard inputoutputstandard output
Fun Game,1994B,"bitmasks, constructive algorithms, greedy, math",time limit per test,memory limit per test,B. Fun Gametime limit per test1 secondmemory limit per test256 megabytesinputstandard inputoutputstandard output
Diverse Game,1994A,"constructive algorithms, greedy, implementation",time limit per test,memory limit per test,A. Diverse Gametime limit per test1 secondmemory limit per test256 megabytesinputstandard inputoutputstandard output
Dyn-scripted Robot (Hard Version),1993F2,"chinese remainder theorem, math, number theory",time limit per test,memory limit per test,F2. Dyn-scripted Robot (Hard Version)time limit per test3 secondsmemory limit per test256 megabytesinputstandard inputoutputstandard output
Dyn-scripted Robot (Easy Version),1993F1,"brute force, chinese remainder theorem, constructive algorithms, math, number theory",time limit per test,memory limit per test,F1. Dyn-scripted Robot (Easy Version)time limit per test3 secondsmemory limit per test256 megabytesinputstandard inputoutputstandard output
Xor-Grid Problem,1993E,"bitmasks, constructive algorithms, dp, implementation",time limit per test,memory limit per test,E. Xor-Grid Problemtime limit per test5 secondsmemory limit per test256 megabytesinputstandard inputoutputstandard output
Med-imize,1993D,"binary search, dp, greedy",time limit per test,memory limit per test,D. Med-imizetime limit per test2 secondsmemory limit per test256 megabytesinputstandard inputoutputstandard output
Light Switches,1993C,"implementation, math",time limit per test,memory limit per test,C. Light Switchestime limit per test2 secondsmemory limit per test256 megabytesinputstandard inputoutputstandard output
Parity and Sum,1993B,"constructive algorithms, greedy",time limit per test,memory limit per test,B. Parity and Sumtime limit per test1 secondmemory limit per test256 megabytesinputstandard inputoutputstandard output
Question Marks,1993A,"greedy, implementation",time limit per test,memory limit per test,A. Question Markstime limit per test1 secondmemory limit per test256 megabytesinputstandard inputoutputstandard output
Ultra-Meow,1992G,"combinatorics, dp, math",time limit per test,memory limit per test,G. Ultra-Meowtime limit per test2.5 secondsmemory limit per test256 megabytesinputstandard inputoutputstandard output
Valuable Cards,1992F,"brute force, dp, greedy, number theory, two pointers",time limit per test,memory limit per test,F. Valuable Cardstime limit per test4 secondsmemory limit per test512 megabytesinputstandard inputoutputstandard output
Novice's Mistake,1992E,"brute force, constructive algorithms, implementation, math, strings",time limit per test,memory limit per test,E. Novice's Mistaketime limit per test3 secondsmemory limit per test256 megabytesinputstandard inputoutputstandard output
Test of Love,1992D,"dp, greedy, implementation",time limit per test,memory limit per test,D. Test of Lovetime limit per test2 secondsmemory limit per test256 megabytesinputstandard inputoutputstandard output
Gorilla and Permutation,1992C,"constructive algorithms, math",time limit per test,memory limit per test,C. Gorilla and Permutationtime limit per test2 secondsmemory limit per test256 megabytesinputstandard inputoutputstandard output
Angry Monk,1992B,"greedy, math, sortings",time limit per test,memory limit per test,B. Angry Monktime limit per test2 secondsmemory limit per test256 megabytesinputstandard inputoutputstandard output
Only Pluses,1992A,"brute force, constructive algorithms, greedy, math, sortings",time limit per test,memory limit per test,A. Only Plusestime limit per test1 secondmemory limit per test256 megabytesinputstandard inputoutputstandard output
Grid Game,1991I,"constructive algorithms, games, graph matchings, greedy, interactive",time limit per test,memory limit per test,I. Grid Gametime limit per test5 secondsmemory limit per test256 megabytesinputstandard inputoutputstandard output
Prime Split Game,1991H,"bitmasks, dp, fft, games, math, number theory",time limit per test,memory limit per test,H. Prime Split Gametime limit per test2 secondsmemory limit per test256 megabytesinputstandard inputoutputstandard output
Grid Reset,1991G,"constructive algorithms, greedy, implementation",time limit per test,memory limit per test,G. Grid Resettime limit per test2 secondsmemory limit per test256 megabytesinputstandard inputoutputstandard output
Triangle Formation,1991F,"brute force, greedy, implementation, math, sortings",time limit per test,memory limit per test,F. Triangle Formationtime limit per test5 secondsmemory limit per test256 megabytesinputstandard inputoutputstandard output
Coloring Game,1991E,"constructive algorithms, dfs and similar, games, graphs, greedy, interactive",time limit per test,memory limit per test,E. Coloring Gametime limit per test2 secondsmemory limit per test256 megabytesinputstandard inputoutputstandard output
Prime XOR Coloring,1991D,"bitmasks, constructive algorithms, graphs, greedy, math, number theory",time limit per test,memory limit per test,D. Prime XOR Coloringtime limit per test2 secondsmemory limit per test256 megabytesinputstandard inputoutputstandard output
Absolute Zero,1991C,"constructive algorithms, greedy, math",time limit per test,memory limit per test,C. Absolute Zerotime limit per test2 secondsmemory limit per test256 megabytesinputstandard inputoutputstandard output
AND Reconstruction,1991B,"bitmasks, constructive algorithms, greedy",time limit per test,memory limit per test,B. AND Reconstructiontime limit per test1 secondmemory limit per test256 megabytesinputstandard inputoutputstandard output
Maximize the Last Element,1991A,"greedy, implementation",time limit per test,memory limit per test,A. Maximize the Last Elementtime limit per test1 secondmemory limit per test256 megabytesinputstandard inputoutputstandard output
Polygonal Segments,1990F,"brute force, data structures, divide and conquer, dp, greedy, two pointers",time limit per test,memory limit per test,F. Polygonal Segmentstime limit per test8 secondsmemory limit per test512 megabytesinputstandard inputoutputstandard output
Catch the Mole(Hard Version),1990E2,"binary search, data structures, dfs and similar, divide and conquer, interactive, trees",time limit per test,memory limit per test,E2. Catch the Mole(Hard Version)time limit per test4 secondsmemory limit per test256 megabytesinputstandard inputoutputstandard output
Catch the Mole(Easy Version),1990E1,"binary search, data structures, dfs and similar, interactive, trees",time limit per test,memory limit per test,E1. Catch the Mole(Easy Version)time limit per test4 secondsmemory limit per test256 megabytesinputstandard inputoutputstandard output
Grid Puzzle,1990D,"bitmasks, brute force, dp, greedy, implementation",time limit per test,memory limit per test,D. Grid Puzzletime limit per test2 secondsmemory limit per test256 megabytesinputstandard inputoutputstandard output
Mad MAD Sum,1990C,"brute force, greedy, math",time limit per test,memory limit per test,C. Mad MAD Sumtime limit per test2 secondsmemory limit per test256 megabytesinputstandard inputoutputstandard output
Array Craft,1990B,"constructive algorithms, greedy",time limit per test,memory limit per test,B. Array Crafttime limit per test1 secondmemory limit per test256 megabytesinputstandard inputoutputstandard output
